destination,user_review,travel_tip,rating,best_time_to_visit,local_cuisine_highlights,location_coordinates,popular_attractions,transportation_options,language_spoken,safety_rating,activities_available,cultural_highlights
"paris, france","Visiting the Eiffel Tower was breathtaking! The views from the top are unforgettable.","Book tickets online to avoid long lines!",5,"April to June, September","Croissants, Macarons","48.8584° N, 2.2945° E","Louvre, Notre-Dame, Montmartre","Metro, Buses, Walking","French",4,"Seine River Cruises, Art Tours","Fashion, Art, Romantic Spots"
"tokyo, japan","Shibuya Crossing is a must-see. It's an incredible experience to see so many people.","Visit in the evening for the best lights!",4,"March to May, October","Sushi, Ramen","35.6586° N, 139.7012° E","Senso-ji, Tokyo Tower","Train, Metro, Buses","Japanese",5,"Temple Visits, Food Tours","Technology, Anime Culture"
"new_york, usa","Central Park is a great escape from the city hustle. Perfect for a picnic.","Rent a bike to explore more of the park.",5,"Spring and Fall","Bagels, Cheesecake","40.7851° N, 73.9683° W","Statue of Liberty, Times Square","Subway, Buses, Taxis","English",4,"Broadway Shows, City Tours","Diverse Cultures, Art Scene"
"rome, italy","The Colosseum is stunning! Make sure to take a guided tour to learn its history.","Visit early in the morning to avoid crowds.",5,"April to June, September","Pasta Carbonara, Gelato","41.8902° N, 12.4923° E","Vatican City, Pantheon","Metro, Buses, Walking","Italian",4,"Historical Tours, Cooking Classes","Ancient History, Religion"
"cape_town, south_africa","Table Mountain offers the best views of the city. The hike is challenging but worth it!","Take the cable car if you’re short on time.",4,"November to February","Bobotie, Biltong","-33.9625° S, 18.4095° E","Cape of Good Hope, Robben Island","Car, Taxi, Walking","Afrikaans, English",4,"Wine Tasting, Hiking","Cultural Heritage, Nature"
"sydney, australia","Bondi Beach is beautiful! The coastal walk from Bondi to Coogee is a highlight.","Bring sunscreen; the sun can be intense!",5,"December to February","Meat Pies, Lamingtons","-33.8908° S, 151.2743° E","Sydney Opera House, Harbour Bridge","Train, Bus, Ferry","English",4,"Surfing, Wildlife Tours","Outdoor Lifestyle, Multicultural"
"barcelona, spain","La Sagrada Familia is like nothing else I've seen. It's a masterpiece!","Book your entry time in advance!",5,"May to September","Tapas, Paella","41.4036° N, 2.1744° E","Park Güell, Gothic Quarter","Metro, Buses, Walking","Spanish, Catalan",4,"Flamenco Shows, Bike Tours","Architecture, Festivals"
"istanbul, turkey","The Grand Bazaar is an amazing place to shop. Just be ready to haggle!","Visit in the morning for a quieter experience.",4,"April to June, September","Kebab, Baklava","41.0082° N, 28.9784° E","Hagia Sophia, Bosphorus","Metro, Tram, Buses","Turkish",4,"Bosporus Cruises, Historical Walks","Rich History, Architecture"
"bangkok, thailand","The street food is delicious and cheap! I tried Pad Thai from a local vendor.","Always drink bottled water to stay safe!",5,"November to February","Pad Thai, Som Tum","13.7563° N, 100.5018° E","Grand Palace, Wat Pho","BTS Skytrain, Buses","Thai",4,"Temple Tours, Night Markets","Buddhism, Street Culture"
"rio_de_janeiro, brazil","The Carnival atmosphere is electric! I loved the parades and samba music.","Book accommodations well in advance during Carnival season.",5,"February","Feijoada, Pão de Queijo","-22.9068° S, -43.1729° W","Christ the Redeemer, Sugarloaf","Metro, Buses, Taxis","Portuguese",4,"Samba Classes, Beach Sports","Carnival, Music, Nature"
"london, england","The British Museum is a treasure trove of history!","Plan to spend a full day there to explore everything.",5,"April to September","Fish and Chips, Afternoon Tea","51.5194° N, -0.1270° W","Tower of London, Buckingham Palace","Tube, Buses, Walking","English",4,"West End Shows, Museum Tours","Royal Heritage, Diverse Cultures"
"berlin, germany","The Berlin Wall memorial is a must-see.","Take a bike tour to cover more ground!",4,"May to September","Currywurst, Pretzels","52.5163° N, 13.3777° E","Brandenburg Gate, Museum Island","S-Bahn, U-Bahn, Buses","German",4,"Street Art Tours, Historical Walks","History, Art Scene"
"madrid, spain","The Prado Museum has incredible art collections!","Visit during the free entry hours for savings.",5,"March to June, September","Tapas, Churros","40.4168° N, -3.7038° W","Royal Palace, Retiro Park","Metro, Buses, Walking","Spanish",4,"Flamenco Shows, Art Tours","Cultural Festivals, Art"
"singapore","Gardens by the Bay is breathtaking at night!","Don’t miss the light show!",5,"February to April, September to November","Hainanese Chicken Rice, Chili Crab","1.2903° N, 103.8519° E","Marina Bay Sands, Orchard Road","MRT, Buses, Taxis","English, Mandarin",5,"Sky Park, City Tours","Modern Architecture, Multicultural"
"cairo, egypt","The Pyramids of Giza are surreal!","Hire a guide to understand the history better.",5,"October to April","Koshari, Falafel","30.0444° N, 31.2357° E","Egyptian Museum, Khan El Khalili","Metro, Taxis, Walking","Arabic",3,"Desert Safaris, Nile Cruises","Ancient History, Culture"
"bangalore, india","The gardens in Bangalore are beautiful and serene.","Visit Lalbagh in the early morning.",4,"October to March","Dosa, Biryani","12.9716° N, 77.5946° E","Lalbagh Botanical Garden, Bangalore Palace","Metro, Buses, Auto-rickshaws","Kannada, English",4,"Tech Tours, Cultural Festivals","Tech Hub, Garden City"
"seoul, south korea","Gyeongbokgung Palace is stunning! Don't miss the changing of the guard.","Plan for a half-day visit.",5,"April to June, September to November","Kimchi, BBQ","37.5796° N, 126.9770° E","N Seoul Tower, Bukchon Hanok Village","Metro, Buses, Taxis","Korean",4,"K-Pop Concerts, Hanbok Experience","Modern Culture, Tradition"
"amsterdam, netherlands","The canals are beautiful, especially in spring!","Consider a boat tour for a unique view.",5,"April to June","Stroopwafels, Haring","52.3676° N, 4.9041° E","Rijksmuseum, Anne Frank House","Tram, Bicycles, Walking","Dutch, English",5,"Cycling Tours, Museum Visits","Art, Liberal Culture"
"buenos_aires, argentina","The tango shows are captivating!","Visit a local milonga for an authentic experience.",5,"March to May, September to November","Asado, Empanadas","34.6037° S, -58.3816° W","La Boca, Recoleta Cemetery","Metro, Buses, Taxis","Spanish",4,"Tango Classes, City Tours","European Influence, Dance"
"lisbon, portugal","The trams are a fun way to see the city!","Take Tram 28 for a scenic route.",4,"March to May, September to November","Pastéis de Nata, Bacalhau","38.7223° N, -9.1393° W","Belém Tower, Alfama District","Metro, Trams, Buses","Portuguese",4,"Fado Music, Culinary Tours","Historic Neighborhoods, Culture"
"prague, czech_republic","Charles Bridge is stunning at sunrise!","Visit early to avoid crowds.",5,"April to October","Goulash, Trdelník","50.0755° N, 14.4378° E","Prague Castle, Old Town Square","Trams, Buses, Walking","Czech",4,"Beer Tastings, River Cruises","Gothic Architecture, History"
"moscow, russia","The Kremlin is fascinating and vast!","Book a guided tour for deeper insights.",5,"May to September","Borscht, Pelmeni","55.7558° N, 37.6173° E","Red Square, St. Basil's Cathedral","Metro, Buses, Taxis","Russian",4,"Cultural Performances, City Tours","Historical Landmarks, Art"
"toronto, canada","The CN Tower offers incredible views!","Go at sunset for the best experience.",5,"May to September","Poutine, Butter Tart","43.6532° N, -79.3832° W","Royal Ontario Museum, Toronto Islands","Subway, Streetcars, Buses","English, French",4,"Cultural Festivals, Waterfront Activities","Diverse Cultures, Arts Scene"
"auckland, new_zealand","The Sky Tower is a must-see!","Consider a jump for an adrenaline rush.",4,"December to February","Pavlova, Fish and Chips","-36.8485° S, 174.7633° E","Waiheke Island, Auckland Museum","Bus, Ferry, Walking","English, Māori",4,"Adventure Sports, Wine Tours","Natural Beauty, Māori Culture"
"honolulu, hawaii","Waikiki Beach is stunning!","Try to visit during sunrise for fewer crowds.",5,"December to April","Poke, Loco Moco","21.3069° N, -157.8583° W","Diamond Head, Pearl Harbor","Bus, Taxis, Walking","English, Hawaiian",5,"Snorkeling, Surfing","Polynesian Culture, Nature"
"mumbai, india","The Gateway of India is iconic!","Visit early in the day for peace.",5,"November to February","Vada Pav, Biryani","19.0760° N, 72.8777° E","Elephanta Caves, Marine Drive","Local Trains, Taxis, Buses","Marathi, Hindi, English",3,"Bollywood Tours, Street Food Tours","Cultural Melting Pot, History"
"johannesburg, south_africa","The Apartheid Museum is educational and moving.","Allocate several hours to explore.",5,"May to September","Bunny Chow, Braai","-26.2041° S, 28.0473° E","Soweto, Nelson Mandela Square","Metro, Taxis, Buses","English, Afrikaans",4,"Historical Tours, Safari","Rich History, Cultural Diversity"
"copenhagen, denmark","Tivoli Gardens is enchanting, especially at night!","Visit during the summer for the best experience.",5,"May to September","Smørrebrød, Danish Pastry","55.6761° N, 12.5683° E","Nyhavn, The Little Mermaid","Metro, Buses, Bicycles","Danish",5,"Canal Tours, Cycling","Design, Sustainability"
"stockholm, sweden","Gamla Stan is charming and full of history!","Explore the alleys for unique shops.",5,"May to August","Meatballs, Herring","59.3293° N, 18.0686° E","Vasa Museum, ABBA Museum","Metro, Ferries, Buses","Swedish",5,"Boat Tours, Cultural Festivals","Nordic Culture, History"
"oslo, norway","The fjords are breathtaking!","Take a boat tour for the best views.",5,"May to September","Salmon, Reindeer","59.9139° N, 10.7522° E","Vigeland Park, Oslo Opera House","Metro, Trams, Buses","Norwegian",4,"Hiking, Skiing","Natural Beauty, Viking History"
"dubai, uae","The Burj Khalifa is a must-see!","Book tickets in advance for the observation deck.",5,"October to April","Shawarma, Hummus","25.276987° N, 55.296249° E","Dubai Mall, Palm Jumeirah","Metro, Taxis, Buses","Arabic, English",4,"Desert Safaris, Shopping","Modern Architecture, Luxury"
"shanghai, china","The Bund is beautiful at night!","Take a cruise for stunning skyline views.",5,"March to May, September to November","Xiaolongbao, Peking Duck","31.2304° N, 121.4737° E","Yu Garden, Oriental Pearl Tower","Metro, Buses, Taxis","Mandarin, English",4,"City Tours, Cultural Shows","Historic and Modern Blend, Cuisine"
"melbourne, australia","The street art in laneways is vibrant and creative!","Take a walking tour to discover hidden gems.",5,"March to May, September to November","Flat White, Meat Pie","-37.8136° S, 144.9631° E","Federation Square, Royal Botanic Gardens","Tram, Train, Bus","English",4,"Coffee Tours, Arts Festivals","Cultural Melting Pot, Arts Scene"
"quito, ecuador","The historic center is stunning and well-preserved!","Take a guided tour to learn the history.",5,"June to September","Ceviche, Llapingachos","-0.2299° S, -78.5249° W","Mitad del Mundo, La Ronda","Buses, Taxis, Walking","Spanish",4,"Cultural Festivals, Hiking","Andean Culture, Colonial Architecture"
"nairobi, kenya","The Nairobi National Park is unique and accessible!","Go on a safari early in the morning.",5,"June to October","Ugali, Nyama Choma","-1.2864° S, 36.8172° E","David Sheldrick Wildlife Trust, Giraffe Centre","Matatus, Taxis, Buses","Swahili, English",4,"Wildlife Safaris, Cultural Tours","Wildlife Conservation, Rich Culture"
"reykjavik, iceland","The Northern Lights are magical in winter!","Check aurora forecasts for the best chance.",5,"September to April","Lamb Soup, Skyr","64.1355° N, -21.8954° W","Hallgrímskirkja, Blue Lagoon","Buses, Taxis, Walking","Icelandic",5,"Hot Springs, Whale Watching","Natural Wonders, Viking History"
"manila, philippines","Intramuros is rich in history!","Explore on foot to appreciate the architecture.",4,"November to February","Adobo, Lechon","14.5995° N, 120.9842° E","Rizal Park, Fort Santiago","Jeepneys, LRT, Buses","Filipino, English",3,"Historical Tours, Food Tours","Colonial History, Hospitality"
"bali, indonesia","The rice terraces are breathtaking!","Visit early in the morning for the best light.",5,"April to October","Nasi Goreng, Satay","-8.4095° S, 115.1889° E","Ubud Monkey Forest, Tanah Lot","Scooters, Buses, Taxis","Indonesian",5,"Yoga Retreats, Surfing","Spirituality, Natural Beauty"
"moscow, russia","The Kremlin is fascinating and vast!","Book a guided tour for deeper insights.",5,"May to September","Borscht, Pelmeni","55.7558° N, 37.6173° E","Red Square, St. Basil's Cathedral","Metro, Buses, Taxis","Russian",4,"Cultural Performances, City Tours","Historical Landmarks, Art"
"cairo, egypt","The Pyramids of Giza are surreal!","Hire a guide to understand the history better.",5,"October to April","Koshari, Falafel","30.0444° N, 31.2357° E","Egyptian Museum, Khan El Khalili","Metro, Taxis, Walking","Arabic",3,"Desert Safaris, Nile Cruises","Ancient History, Culture"
"casablanca, morocco","The Hassan II Mosque is a marvel!","Dress modestly to enter.",5,"March to May, September to November","Tagine, Couscous","33.5731° N, -7.5898° W","Old Medina, Royal Palace","Trams, Taxis, Buses","Arabic, French",4,"Cultural Tours, Shopping","Islamic Architecture, Berber Culture"
"abu_dhabi, uae","The Sheikh Zayed Mosque is stunning!","Visit at sunset for the best views.",5,"October to April","Falafel, Shawarma","24.4539° N, 54.3773° E","Louvre Abu Dhabi, Emirates Palace","Buses, Taxis","Arabic, English",4,"Cultural Experiences, Desert Safaris","Modern Architecture, Rich Culture"
"copenhagen, denmark","Tivoli Gardens is enchanting, especially at night!","Visit during the summer for the best experience.",5,"May to September","Smørrebrød, Danish Pastry","55.6761° N, 12.5683° E","Nyhavn, The Little Mermaid","Metro, Buses, Bicycles","Danish",5,"Canal Tours, Cycling","Design, Sustainability"
"naples, italy","The pizza here is the best in the world!","Try the Margherita at a local pizzeria.",5,"April to June, September to November","Pizza, Pasta","40.8518° N, 14.2681° E","Pompeii, Mount Vesuvius","Metro, Buses, Walking","Italian",4,"Cooking Classes, Archaeological Tours","Italian Heritage, Culinary Tradition"
"stockholm, sweden","The Vasa Museum is unique and informative!","Allocate at least half a day to explore.",5,"May to August","Meatballs, Herring","59.3293° N, 18.0686° E","Djurgården, Gamla Stan","Metro, Ferries, Buses","Swedish",5,"Boat Tours, Cultural Festivals","Nordic Culture, History"
"budapest, hungary","The thermal baths are a must-visit!","Try Széchenyi for a unique experience.",5,"March to May, September to November","Goulash, Langos","47.4979° N, 19.0402° E","Buda Castle, Fisherman's Bastion","Trams, Buses, Metro","Hungarian",4,"Spa Days, River Cruises","Rich History, Thermal Culture"
"lima, peru","The gastronomy is world-renowned!","Try ceviche at a local restaurant.",5,"April to October","Ceviche, Lomo Saltado","-12.0464° S, -77.0428° W","Machu Picchu, Plaza Mayor","Metropolitano, Taxis","Spanish, Quechua",4,"Food Tours, Cultural Events","Incan History, Culinary Scene"
"kuwait_city, kuwait","The Kuwait Towers are iconic!","Visit during sunset for stunning views.",4,"November to April","Mujadra, Harees","29.3759° N, 47.9774° E","The Grand Mosque, Souq Al-Mubarakiya","Buses, Taxis","Arabic, English",4,"Shopping, Cultural Tours","Rich Heritage, Modern Development"
"dar_es_salaam, tanzania","The beaches are beautiful and relaxing!","Visit Bongoyo Island for a day trip.",5,"June to October","Ugali, Nyama Choma","-6.7924° S, 39.2083° E","Stone Town, National Museum","Buses, Taxis, Boats","Swahili, English",4,"Beach Activities, Wildlife Tours","Rich Culture, Coastal Beauty"
"abidjan, ivory_coast","The food market is vibrant and full of life!","Try local street food for an authentic experience.",4,"November to March","Fufu, Aloco","5.3450° N, -4.0244° W","La Pyramide, Banco National Park","Buses, Taxis","French, Akan",4,"Cultural Festivals, Music Events","Diverse Culture, Hospitality"
"montevideo, uruguay","The Rambla is perfect for walks and sunsets!","Visit the beach for a relaxing day.",5,"November to March","Asado, Chivito","34.9011° S, -56.1645° W","Ciudad Vieja, Mercado del Puerto","Buses, Taxis, Walking","Spanish",4,"Beach Sports, Cultural Tours","Rich History, Relaxed Atmosphere"
"la_paz, bolivia","The views from El Alto are breathtaking!","Visit during the day for clearer views.",5,"May to October","Salteñas, Pique Macho","-16.5000° S, -68.1193° W","Witches' Market, Valle de la Luna","Buses, Taxis, Walking","Spanish, Aymara",4,"Cultural Tours, Hiking","Indigenous Cultures, Natural Wonders"
"maputo, mozambique","The waterfront is lively and beautiful!","Try the seafood for a local taste.",5,"May to November","Piri Piri Chicken, Matapa","-25.9664° S, 32.5732° E","Maputo Railway Station, Fort of Maputo","Buses, Taxis, Ferries","Portuguese, Emakhuwa",4,"Cultural Tours, Beach Activities","Colonial History, Coastal Culture"
"tunis, tunisia","The Medina is a UNESCO World Heritage Site!","Explore the narrow streets for unique finds.",5,"March to May, September to November","Couscous, Brik","36.8065° N, 10.1815° E","Bardo Museum, Carthage","Metro, Buses, Taxis","Arabic, French",4,"Cultural Tours, Historical Sites","Ancient History, Diverse Culture"
"nairobi, kenya","The Nairobi National Park is unique and accessible!","Go on a safari early in the morning.",5,"June to October","Ugali, Nyama Choma","-1.2864° S, 36.8172° E","David Sheldrick Wildlife Trust, Giraffe Centre","Matatus, Taxis, Buses","Swahili, English",4,"Wildlife Safaris, Cultural Tours","Wildlife Conservation, Rich Culture"
"nassau, bahamas","The beaches are gorgeous and relaxing!","Visit Exuma for pristine beaches.",5,"December to April","Conch Fritters, Bahama Mama","25.0343° N, -77.3963° W","Atlantis Paradise Island, Nassau Straw Market","Buses, Taxis","English, Bahamian Creole",5,"Water Sports, Island Hopping","Caribbean Culture, Natural Beauty"
"cartagena, colombia","The historic city walls are impressive!","Explore on foot for the best experience.",5,"December to March","Arepas, Ceviche","10.3910° N, -75.4794° W","Castillo San Felipe, Rosario Islands","Buses, Taxis, Walking","Spanish",4,"Cultural Festivals, Beach Activities","Colonial History, Caribbean Vibes"
"tbilisi, georgia","The Old Town is charming and full of history!","Try local wine in the region.",5,"May to October","Khachapuri, Khinkali","41.7151° N, 44.8271° E","Narikala Fortress, Tbilisi Sulphur Baths","Metro, Buses, Taxis","Georgian",4,"Cultural Tours, Wine Tasting","Unique Traditions, Ancient History"
"harare, zimbabwe","The National Gallery has incredible local art!","Visit the nearby parks for nature walks.",4,"May to September","Sadza, Nyama","-17.8292° S, 31.0522° E","Victoria Falls, Hwange National Park","Buses, Taxis","English, Shona",3,"Wildlife Safaris, Cultural Tours","Rich History, Natural Wonders"
"accra, ghana","The markets are vibrant and full of life!","Try local dishes at street vendors.",5,"November to March","Jollof Rice, Banku","5.6037° N, -0.1870° W","Kwame Nkrumah Mausoleum, Labadi Beach","Buses, Taxis","English, Twi",4,"Cultural Festivals, Music Events","Rich Culture, Hospitality"
"chennai, india","The Marina Beach is lively and beautiful!","Visit in the evening for a breeze.",4,"November to February","Dosa, Sambar","13.0827° N, 80.2707° E","Kapaleeshwarar Temple, Fort St. George","Metro, Buses, Auto-rickshaws","Tamil, English",4,"Cultural Tours, Beach Activities","Historical Significance, Coastal City"
"zanzibar, tanzania","The beaches are paradise!","Visit Stone Town for history and culture.",5,"June to October","Zanzibar Pizza, Seafood","-6.1659° S, 39.2026° E","Stone Town, Spice Markets","Buses, Taxis, Ferries","Swahili, Arabic",5,"Cultural Tours, Water Sports","Rich Heritage, Coastal Beauty"
"bermuda","The beaches are stunning and pink sand!","Explore the caves for a unique experience.",5,"May to October","Fish Chowder, Rum Cake","32.3078° N, -64.7505° W","Horseshoe Bay, St. George's","Buses, Scooters","English",5,"Water Sports, Historical Tours","Natural Beauty, Colonial History"
"san_jose, costa_rica","The coffee plantations are fascinating!","Take a tour to learn about coffee production.",5,"December to April","Gallo Pinto, Casado","9.9281° N, -84.0907° W","National Museum, Poás Volcano","Buses, Taxis","Spanish",4,"Nature Tours, Cultural Festivals","Biodiversity, Coffee Culture"
"skopje, north_macedonia","The Old Bazaar is full of charm!","Try the local food at small cafes.",4,"May to September","Tavče Gravče, Shopska Salad","41.9973° N, 21.4280° E","Macedonia Square, Stone Bridge","Buses, Taxis","Macedonian",4,"Cultural Tours, Historical Sites","Rich History, Diverse Culture"
"yerevan, armenia","The Republic Square is beautiful!","Visit during festivals for local culture.",4,"May to September","Lavash, Khash","40.1792° N, 44.4991° E","Cascade Complex, Garni Temple","Buses, Taxis","Armenian, Russian",4,"Cultural Tours, Wine Tasting","Ancient History, Hospitality"
"serbia","Belgrade has a vibrant nightlife!","Explore Skadarlija for a bohemian vibe.",5,"April to October","Ćevapi, Sarma","44.7866° N, 20.4489° E","Kalemegdan Fortress, St. Sava Temple","Trams, Buses, Taxis","Serbian",4,"Nightlife Tours, Cultural Events","Diverse Cultures, Historical Landmarks"
"nairobi, kenya","The Giraffe Centre is a unique experience!","Feed the giraffes and take photos.",5,"June to October","Ugali, Nyama Choma","-1.2864° S, 36.8172° E","David Sheldrick Wildlife Trust, Nairobi National Park","Matatus, Taxis, Buses","Swahili, English",4,"Wildlife Safaris, Cultural Tours","Conservation Efforts, Wildlife"
"athens, greece","The Acropolis is a stunning site!","Visit early to avoid the heat.",5,"April to June, September","Moussaka, Souvlaki","37.9838° N, 23.7275° E","Acropolis Museum, Plaka","Metro, Buses, Walking","Greek",4,"Historical Tours, Food Tours","Ancient History, Rich Culture"
"boston, usa","The Freedom Trail is a great way to see the city!","Wear comfortable shoes for walking.",5,"April to October","Clam Chowder, Lobster Roll","42.3601° N, -71.0589° W","Boston Common, Faneuil Hall","Subway, Buses, Walking","English",5,"Historical Tours, Sports Events","American History, Innovation"
"prague, czech_republic","The architecture is breathtaking!","Don't miss the Astronomical Clock.",5,"April to October","Trdelník, Goulash","50.0755° N, 14.4378° E","Charles Bridge, Old Town Square","Trams, Buses, Walking","Czech",4,"Cultural Events, River Cruises","Rich Heritage, Arts Scene"
"brussels, belgium","The Atomium is a unique structure!","Visit during the day for full experience.",5,"April to October","Waffles, Chocolate","50.8467° N, 4.3499° E","Grand Place, Manneken Pis","Metro, Trams, Buses","Dutch, French, English",5,"Food Tours, Cultural Tours","European Union Hub, Art"
"rio_de_janeiro, brazil","The beaches are vibrant and lively!","Visit during Carnival for an unforgettable experience.",5,"December to March","Feijoada, Pão de Queijo","-22.9068° S, -43.1729° W","Christ the Redeemer, Sugarloaf Mountain","Metro, Buses, Taxis","Portuguese",4,"Beach Sports, Cultural Festivals","Diverse Culture, Music"
"auckland, new_zealand","The Sky Tower offers stunning views!","Try bungee jumping for an adrenaline rush.",5,"December to February","Pavlova, Lolly Cake","-36.8485° S, 174.7633° E","Waiheke Island, Auckland War Memorial Museum","Buses, Ferries, Walking","English, Māori",4,"Adventure Sports, Wine Tours","Natural Beauty, Indigenous Culture"
"seattle, usa","Pike Place Market is bustling and fun!","Visit in the morning for the best vibe.",5,"May to September","Salmon, Coffee","47.6062° N, -122.3321° W","Space Needle, Chihuly Garden","Light Rail, Buses, Walking","English",5,"Cultural Festivals, Coffee Tours","Innovation, Music Scene"
"stockholm, sweden","The Vasa Museum is a must-see!","Plan to spend at least a few hours there.",5,"May to August","Meatballs, Herring","59.3293° N, 18.0686° E","Gamla Stan, ABBA Museum","Metro, Ferries, Buses","Swedish",5,"Cultural Events, Boat Tours","Nordic Heritage, Sustainability"
"cape_town, south_africa","Table Mountain is breathtaking!","Take the cable car for stunning views.",5,"November to March","Bunny Chow, Braai","-33.9249° S, 18.4241° E","Cape of Good Hope, Robben Island","Trains, Buses, Taxis","Afrikaans, English",4,"Wine Tours, Hiking","Diverse Cultures, Natural Wonders"
"manila, philippines","The sunsets are stunning at Manila Bay!","Enjoy a sunset cruise for a beautiful view.",5,"November to February","Adobo, Lechon","14.5995° N, 120.9842° E","Intramuros, Rizal Park","Jeepneys, LRT, Buses","Filipino, English",3,"Historical Tours, Nightlife","Colonial History, Warm Hospitality"
"new_delhi, india","The Red Fort is a UNESCO site!","Visit early morning to avoid crowds.",5,"October to March","Biryani, Chaat","28.6139° N, 77.2090° E","India Gate, Qutub Minar","Metro, Auto-rickshaws, Buses","Hindi, English",4,"Cultural Tours, Shopping","Rich History, Diversity"
"lagos, nigeria","The Lekki Conservation Centre is beautiful!","Plan a day for exploration.",4,"November to February","Jollof Rice, Suya","6.5244° N, 3.3792° E","Nike Art Gallery, Lekki Market","Buses, Taxis","English, Yoruba",4,"Cultural Tours, Music Festivals","Rich Culture, Vibrant Life"
"cairo, egypt","The Khan el-Khalili market is vibrant!","Haggle for the best prices!",5,"October to April","Koshari, Falafel","30.0444° N, 31.2357° E","Pyramids of Giza, Egyptian Museum","Metro, Taxis, Walking","Arabic",3,"Shopping, Cultural Tours","Rich History, Street Life"
"vancouver, canada","The Stanley Park seawall is great for walking and biking!","Rent a bike to explore.",5,"May to September","Poutine, Salmon","49.2827° N, -123.1207° W","Capilano Suspension Bridge, Granville Island","SkyTrain, Buses, Walking","English, French",5,"Outdoor Activities, Cultural Festivals","Natural Beauty, Diverse Cultures"
"berlin, germany","The East Side Gallery is a must-see for art lovers!","Take your time to explore the murals.",5,"May to September","Currywurst, Döner Kebab","52.5163° N, 13.3777° E","Berlin Wall, Brandenburg Gate","S-Bahn, U-Bahn, Buses","German",4,"Cultural Tours, Nightlife","Historical Significance, Art Scene"
"reykjavik, iceland","The Blue Lagoon is a fantastic experience!","Book in advance to secure your spot.",5,"September to April","Lamb Soup, Skyr","64.1355° N, -21.8954° W","Hallgrímskirkja, Harpa Concert Hall","Buses, Taxis","Icelandic",5,"Natural Hot Springs, Whale Watching","Unique Landscapes, Viking History"
"athens, greece","The Plaka district is charming and historic!","Explore on foot for hidden gems.",5,"April to June, September","Baklava, Moussaka","37.9838° N, 23.7275° E","Acropolis, Ancient Agora","Metro, Buses, Walking","Greek",4,"Cultural Tours, Food Experiences","Ancient History, Culinary Delights"
"casablanca, morocco","The Hassan II Mosque is stunning!","Visit during sunset for the best views.",5,"March to May, September to November","Tagine, Couscous","33.5731° N, -7.5898° W","Old Medina, Royal Palace","Trams, Taxis, Buses","Arabic, French",4,"Cultural Tours, Historical Sites","Rich Heritage, Art"
"kirov, russia","The Kirov region is known for its nature!","Visit during summer for hiking.",4,"May to September","Pelmeni, Borscht","58.5783° N, 49.6581° E","Kirov Regional Museum, Saviour Cathedral","Buses, Taxis","Russian",3,"Outdoor Activities, Cultural Tours","Natural Beauty, Historical Sites"
"marrakech, morocco","The Medina is a sensory overload!","Explore the souks for unique finds.",5,"March to May, September to November","Couscous, Tagine","31.6295° N, -7.9811° W","Jemaa el-Fnaa, Koutoubia Mosque","Buses, Taxis","Arabic, French",4,"Shopping, Cultural Tours","Vibrant Culture, Rich History"
"lima, peru","The coastal views are beautiful!","Try local ceviche by the beach.",5,"April to October","Ceviche, Anticuchos","-12.0464° S, -77.0428° W","Machu Picchu, Plaza Mayor","Metropolitano, Taxis","Spanish, Quechua",4,"Cultural Tours, Food Tours","Rich History, Culinary Scene"
"ankara, turkey","The Atatürk Mausoleum is a must-visit!","Learn about Turkey's history there.",5,"April to October","Kebabs, Baklava","39.9334° N, 32.8597° E","Museum of Anatolian Civilizations, Anıtkabir","Metro, Buses","Turkish",4,"Historical Tours, Cultural Events","Rich Culture, Historical Significance"
"manama, bahrain","The Bahrain Fort is rich in history!","Explore the museum for insights.",4,"November to April","Machboos, Shawarma","26.0275° N, 50.5501° E","Bahrain National Museum, Al Fateh Mosque","Buses, Taxis","Arabic, English",4,"Cultural Tours, Historical Sites","Rich Heritage, Vibrant Culture"
"warsaw, poland","The Warsaw Uprising Museum is impactful!","Plan at least half a day to visit.",5,"May to September","Pierogi, Bigos","52.2297° N, 21.0122° E","Royal Castle, Lazienki Park","Metro, Buses, Trams","Polish",4,"Cultural Events, Historical Tours","Rich History, Resilience"
"helsinki, finland","The Design District is trendy and fun!","Explore the boutiques and cafes.",5,"May to September","Karjalanpiirakka, Salmon Soup","60.1695° N, 24.9354° E","Suomenlinna, Temppeliaukio Church","Trams, Buses","Finnish, Swedish",4,"Cultural Tours, Design Events","Modern Design, Nature"
"cairo, egypt","The Sphinx is a must-see!","Visit during the cooler months.",5,"October to April","Koshari, Fattah","30.0444° N, 31.2357° E","Giza Pyramids, Egyptian Museum","Metro, Taxis, Buses","Arabic",3,"Cultural Tours, Historical Sites","Ancient History, Street Culture"
"hanoi, vietnam","The street food scene is vibrant!","Try pho at a local eatery.",5,"October to April","Pho, Bánh Mì","21.0285° N, 105.8542° E","Hoan Kiem Lake, Old Quarter","Buses, Taxis, Motorbikes","Vietnamese",4,"Cultural Tours, Food Tours","Rich History, Street Culture"
"zanzibar, tanzania","The spice tours are fascinating!","Book in advance for a guided experience.",5,"June to October","Zanzibar Pizza, Seafood","-6.1659° S, 39.2026° E","Stone Town, Spice Markets","Buses, Taxis, Ferries","Swahili, Arabic",5,"Cultural Tours, Beach Activities","Rich Heritage, Coastal Beauty"
"malta","The historic sites are stunning!","Explore Valletta on foot for best views.",5,"April to October","Pastizzi, Rabbit Stew","35.9375° N, 14.3754° E","Mdina, St. John's Co-Cathedral","Buses, Ferries","Maltese, English",5,"Cultural Tours, Historical Sites","Rich History, Mediterranean Vibes"
"doha, qatar","The skyline is modern and impressive!","Visit the museums for art and culture.",5,"November to April","Machboos, Shawarma","25.276987° N, 51.520008° E","Museum of Islamic Art, Souq Waqif","Metro, Taxis","Arabic, English",4,"Cultural Tours, Shopping","Rich Heritage, Modern Development"
"ankara, turkey","The modern architecture is striking!","Visit in spring for pleasant weather.",5,"April to October","Kebabs, Baklava","39.9334° N, 32.8597° E","Kocatepe Mosque, Atatürk's Mausoleum","Metro, Buses","Turkish",4,"Cultural Tours, Historical Sites","Rich Heritage, Diverse Culture"
"qaqortoq, greenland","The scenery is breathtaking!","Explore on foot during summer.",5,"June to August","Seal Meat, Fish Soup","60.7160° N, -46.0355° W","Qaqortoq Museum, Icefjord","Buses, Boats","Greenlandic, Danish",5,"Outdoor Activities, Cultural Tours","Unique Landscapes, Indigenous Culture"
"luxembourg_city, luxembourg","The old town is a UNESCO site!","Visit during spring for mild weather.",5,"April to October","Judd mat Gaardebounen, Gromperekichelcher","49.6118° N, 6.1319° E","Bock Casemates, Grand Ducal Palace","Buses, Trams","Luxembourgish, French, German",5,"Cultural Tours, Historical Sites","Rich History, European Charm"
"quebec_city, canada","The old town is charming and historic!","Explore the cobblestone streets.",5,"May to September","Poutine, Tourtière","46.8139° N, -71.2082° W","Old Quebec, Montmorency Falls","Buses, Trains","French, English",4,"Cultural Events, Historical Tours","Rich History, French Influence"
"yerevan, armenia","The city has a vibrant arts scene!","Visit during festivals for local culture.",4,"May to September","Lavash, Khash","40.1792° N, 44.4991° E","Republic Square, Cascade Complex","Buses, Taxis","Armenian, Russian",4,"Cultural Tours, Wine Tasting","Ancient History, Hospitality"
"lilongwe, malawi","The markets are vibrant and lively!","Try local dishes from street vendors.",5,"May to October","Nsima, Chambo","-13.9626° S, 33.7879° E","Lilongwe Wildlife Centre, Area 18 Market","Buses, Taxis","English, Chichewa",4,"Cultural Tours, Nature Walks","Rich Culture, Warm Hospitality"
"tbilisi, georgia","The sulfur baths are a unique experience!","Visit in spring or fall for the best weather.",5,"March to June, September to November","Khinkali, Khachapuri","41.7151° N, 44.8271° E","Narikala Fortress, Old Tbilisi","Metro, Buses","Georgian, Russian",4,"Cultural Tours, Wine Tasting","Unique Traditions, Scenic Views"
"hamilton, canada","The waterfalls are stunning!","Explore the trails for beautiful views.",5,"April to October","Bannock, Peameal Bacon","43.2557° N, -79.8711° W","Royal Botanical Gardens, Dundurn Castle","Buses, Trains","English, French",4,"Outdoor Activities, Cultural Festivals","Natural Beauty, Heritage"
"riga, latvia","The architecture is charming!","Visit during summer for cultural events.",5,"May to September","Grey Peas, Rye Bread","56.9496° N, 24.1052° E","Old City, Freedom Monument","Trams, Buses","Latvian, Russian",4,"Cultural Tours, Food Experiences","Rich History, Arts Scene"
"asuncion, paraguay","The city has vibrant nightlife!","Try local dishes at restaurants.",4,"March to November","Sopa Paraguaya, Asado","-25.2637° S, -57.5759° W","Palacio de los López, Ñu Guasu Park","Buses, Taxis","Spanish, Guarani",4,"Cultural Events, Nightlife","Rich Culture, Warm Hospitality"
"dhaka, bangladesh","The street food scene is vibrant!","Try biryani at local eateries.",5,"November to February","Biryani, Hilsa Fish","23.8103° N, 90.4125° E","Lalbagh Fort, Ahsan Manzil","Buses, Rickshaws","Bengali, English",4,"Cultural Tours, Shopping","Rich History, Bustling Life"
"lagos, nigeria","The nightlife is vibrant and lively!","Check out local bars for live music.",5,"November to February","Jollof Rice, Suya","6.5244° N, 3.3792° E","Lekki Conservation Centre, Nike Art Gallery","Buses, Taxis","English, Yoruba",4,"Cultural Festivals, Nightlife","Diverse Cultures, Music"
"stockholm, sweden","The Archipelago is stunning!","Take a boat tour for the best views.",5,"May to August","Swedish Meatballs, Gravlax","59.3293° N, 18.0686° E","Vasa Museum, Skansen","Metro, Ferries","Swedish",5,"Outdoor Activities, Cultural Events","Natural Beauty, Heritage"
"brussels, belgium","The Grand Place is a UNESCO site!","Visit during the Flower Carpet festival in August.",5,"April to October","Moules-Frites, Chocolate","50.8467° N, 4.3499° E","Atomium, Manneken Pis","Metro, Trams, Buses","Dutch, French, English",5,"Cultural Festivals, Food Tours","Rich History, Art"
"prague, czech_republic","The Charles Bridge is picturesque!","Best visited at sunrise to avoid crowds.",5,"April to October","Trdelník, Svíčková","50.0755° N, 14.4378° E","Prague Castle, Old Town Square","Trams, Buses, Walking","Czech",4,"Cultural Events, Historical Tours","Rich Heritage, Arts Scene"
"copenhagen, denmark","Tivoli Gardens is magical at night!","Plan a visit in summer for special events.",5,"May to September","Smørrebrød, Danish Pastry","55.6761° N, 12.5683° E","Nyhavn, The Little Mermaid","Metro, Buses","Danish",5,"Cultural Festivals, Food Tours","Innovative Cuisine, Waterfront"
"nairobi, kenya","The Nairobi National Park is unique!","Visit early morning for wildlife sightings.",5,"June to October","Nyama Choma, Ugali","-1.2864° S, 36.8172° E","David Sheldrick Wildlife Trust, Giraffe Centre","Matatus, Taxis, Buses","Swahili, English",4,"Wildlife Safaris, Cultural Tours","Biodiversity, Conservation"
"melbourne, australia","The coffee culture is vibrant!","Try a local café for the best brews.",5,"September to April","Meat Pie, Tim Tams","-37.8136° S, 144.9631° E","Federation Square, Royal Botanic Gardens","Trams, Buses","English",5,"Cultural Festivals, Food Tours","Art Scene, Multiculturalism"
"mumbai, india","The Gateway of India is iconic!","Explore the Colaba district for local shops.",5,"October to February","Vada Pav, Bhel Puri","19.0760° N, 72.8777° E","Marine Drive, Elephanta Caves","Trains, Buses, Rickshaws","Hindi, English",5,"Cultural Tours, Shopping","Vibrant Culture, Diversity"
"los_angeles, usa","Hollywood is a must-visit for film lovers!","Take a studio tour for behind-the-scenes access.",5,"April to October","Tacos, In-N-Out Burger","34.0522° N, -118.2437° W","Hollywood Walk of Fame, Griffith Observatory","Metro, Buses, Taxis","English",5,"Cultural Events, Outdoor Activities","Entertainment Capital, Diversity"
"mexico_city, mexico","The food scene is diverse and rich!","Try local markets for authentic experiences.",5,"November to April","Tacos, Mole","19.4326° N, -99.1332° W","Zócalo, Frida Kahlo Museum","Metro, Buses","Spanish",5,"Cultural Tours, Food Tours","Rich History, Vibrant Life"
"ho_chi_minh_city, vietnam","The markets are bustling with energy!","Visit Ben Thanh Market for local crafts.",5,"November to April","Pho, Bánh Mì","10.7769° N, 106.6959° E","War Remnants Museum, Notre-Dame Cathedral","Buses, Motorbikes","Vietnamese",4,"Cultural Tours, Shopping","Historical Significance, Culinary Scene"
"cape_town, south_africa","The beaches are beautiful and diverse!","Visit during summer for the best weather.",5,"November to March","Bobotie, Biltong","-33.9249° S, 18.4241° E","Table Mountain, Robben Island","Trains, Buses, Taxis","Afrikaans, English",4,"Outdoor Activities, Cultural Events","Diverse Cultures, Natural Beauty"
"singapore","The Marina Bay Sands is iconic!","Visit the SkyPark for amazing views.",5,"February to December","Chili Crab, Laksa","1.3521° N, 103.8198° E","Gardens by the Bay, Sentosa Island","MRT, Buses","English, Mandarin",5,"Cultural Festivals, Nightlife","Modern Architecture, Multiculturalism"
"bogota, colombia","The Gold Museum is fascinating!","Visit on weekends for local events.",5,"June to August","Arepas, Ajiaco","4.6110° N, -74.0824° W","Monserrate, La Candelaria","TransMilenio, Buses","Spanish",4,"Cultural Tours, Outdoor Activities","Rich History, Vibrant Culture"
"tunis, tunisia","The Medina is a UNESCO World Heritage site!","Explore local shops for unique souvenirs.",5,"April to October","Couscous, Brik","33.8869° N, 9.5375° E","Bardo Museum, Carthage","Metro, Taxis","Arabic, French",4,"Cultural Tours, Historical Sites","Rich Heritage, Ancient History"
"seoul, south_korea","The Gyeongbokgung Palace is stunning!","Visit during the changing of the guard ceremony.",5,"April to October","Kimchi, Bibimbap","37.5665° N, 126.9780° E","N Seoul Tower, Bukchon Hanok Village","Metro, Buses","Korean",5,"Cultural Tours, Shopping","Modern Culture, Tradition"
"abidjan, ivory_coast","The beaches are relaxing and beautiful!","Explore the local markets for fresh produce.",4,"November to March","Attiéké, Kédjénou","5.3459° N, -4.0083° W","La Pêche, St. Paul's Cathedral","Buses, Taxis","French",4,"Cultural Tours, Beach Activities","Rich Culture, Coastal Beauty"
"manama, bahrain","The Bahrain National Museum is informative!","Visit during the cooler months.",5,"November to April","Machboos, Falafel","26.0275° N, 50.5501° E","Qal'at al-Bahrain, Al Fateh Mosque","Buses, Taxis","Arabic, English",4,"Cultural Tours, Historical Sites","Rich Heritage, Modern Development"
"quebec_city, canada","The winter carnival is a must-see!","Plan to visit during February.",5,"December to March","Poutine, Maple Syrup","46.8139° N, -71.2082° W","Old Quebec, Montmorency Falls","Buses, Trains","French, English",5,"Cultural Festivals, Historical Tours","Rich History, French Influence"
"auckland, new_zealand","The Sky Tower offers amazing views!","Try the bungee jump for excitement.",5,"December to February","Pavlova, Fish and Chips","-36.8485° S, 174.7633° E","Auckland War Memorial Museum, Waiheke Island","Buses, Ferries","English, Māori",4,"Adventure Sports, Cultural Tours","Stunning Landscapes, Coastal Beauty"
"havana, cuba","The vintage cars are iconic!","Take a classic car tour around the city.",5,"November to April","Ropa Vieja, Tostones","23.1136° N, -82.3666° W","Old Havana, Malecón","Buses, Taxis","Spanish",4,"Cultural Tours, Historical Sites","Rich History, Vibrant Culture"
"khartoum, sudan","The confluence of the Blue and White Nile is beautiful!","Visit the local markets for a unique experience.",5,"November to February","Ful Medames, Kisra","15.5007° N, 32.5599° E","Nile River, Sudan National Museum","Buses, Taxis","Arabic",4,"Cultural Tours, Nature Activities","Rich Culture, Historical Significance"
"dhaka, bangladesh","The rickshaw art is vibrant and colorful!","Explore the streets for unique designs.",5,"November to February","Biriyani, Sweets","23.8103° N, 90.4125° E","Lalbagh Fort, Liberation War Museum","Buses, Rickshaws","Bengali, English",4,"Cultural Tours, Historical Sites","Rich History, Artistic Expression"
"nassau, bahamas","The beaches are stunning and relaxing!","Visit the local markets for souvenirs.",5,"December to April","Conch Fritters, Bahama Mama","25.0343° N, -77.3963° W","Atlantis Resort, Nassau Straw Market","Buses, Taxis","English",5,"Beach Activities, Cultural Tours","Tropical Paradise, Island Culture"
"doha, qatar","The Pearl-Qatar is a luxury destination!","Explore the waterfront for dining options.",5,"November to April","Machboos, Harees","25.276987° N, 51.520008° E","Museum of Islamic Art, Katara Cultural Village","Metro, Taxis","Arabic, English",5,"Cultural Events, Shopping","Modern Architecture, Luxury"
"cairo, egypt","The Nile River offers cruises and views!","Consider a dinner cruise for a unique experience.",5,"October to April","Koshari, Shawarma","30.0444° N, 31.2357° E","Giza Pyramids, Khan el-Khalili","Metro, Taxis, Buses","Arabic",3,"Cultural Tours, River Activities","Ancient History, Vibrant Life"
"windhoek, namibia","The city is a gateway to nature!","Explore nearby national parks for wildlife.",4,"May to September","Biltong, Potjiekos","-22.5597° S, 17.0832° E","Independence Memorial Museum, Christ Church","Buses, Taxis","English, Afrikaans",4,"Nature Activities, Cultural Tours","Natural Beauty, Diverse Cultures"
"tbilisi, georgia","The sulfur baths are a unique experience!","Visit in spring or fall for pleasant weather.",5,"March to June, September to November","Khinkali, Khachapuri","41.7151° N, 44.8271° E","Narikala Fortress, Old Tbilisi","Metro, Buses","Georgian, Russian",4,"Cultural Tours, Wine Tasting","Unique Traditions, Scenic Views"
"sucre, bolivia","The colonial architecture is stunning!","Explore the markets for local handicrafts.",5,"April to November","Salteñas, Pique Macho","-19.0333° S, -65.2628° W","Casa de la Libertad, Parque Simón Bolívar","Buses, Taxis","Spanish, Quechua",4,"Cultural Tours, Historical Sites","Rich History, Colonial Charm"
"batumi, georgia","The Black Sea coast is beautiful!","Visit during summer for beach activities.",5,"June to September","Khachapuri, Lobio","41.6164° N, 41.6400° E","Batumi Boulevard, Ali and Nino Statue","Buses, Taxis","Georgian, Russian",4,"Beach Activities, Cultural Events","Stunning Coastline, Diverse Culture"
"accra, ghana","The local markets are vibrant!","Try street food for authentic experiences.",5,"November to March","Jollof Rice, Banku","5.6037° N, -0.1870° W","Kwame Nkrumah Mausoleum, Labadi Beach","Buses, Taxis","English",4,"Cultural Tours, Beach Activities","Rich Culture, Warm Hospitality"
"lisbon, portugal","The trams are iconic!","Ride Tram 28 for a city tour.",5,"March to October","Bacalhau, Pastéis de Nata","38.7223° N, -9.1393° W","Belém Tower, Alfama District","Metro, Trams, Buses","Portuguese",5,"Cultural Tours, Food Experiences","Historic Charm, Coastal Vibes"
"maseru, lesotho","The scenery is breathtaking!","Visit during summer for hiking opportunities.",5,"October to March","Pap, Braai","-29.4697° S, 27.5149° E","Thaba Bosiu, National Museum","Buses, Taxis","Sesotho, English",4,"Outdoor Activities, Cultural Tours","Natural Beauty, Rich Culture"
"tunis, tunisia","The Medina is full of history!","Explore the local shops and cafes.",5,"April to October","Bric, Couscous","33.8869° N, 9.5375° E","Carthage, Bardo Museum","Metro, Taxis","Arabic, French",4,"Cultural Tours, Historical Sites","Rich Heritage, Vibrant Culture"
"algiers, algeria","The Kasbah is a UNESCO site!","Wander through the narrow streets for local charm.",5,"April to October","Couscous, Mechoui","36.7538° N, 3.0588° E","Basilica of Notre-Dame d'Afrique, Martyrs' Memorial","Trams, Taxis","Arabic, Berber, French",4,"Cultural Tours, Historical Sites","Rich Heritage, Beautiful Scenery"
"harare, zimbabwe","The city is vibrant and welcoming!","Visit local markets for crafts and art.",5,"May to October","Sadza, Biltong","-17.8292° S, 31.0522° E","National Gallery, Harare Gardens","Buses, Taxis","Shona, English",4,"Cultural Tours, Nature Walks","Rich Culture, Warm Hospitality"
"samarkand, uzbekistan","The Registan is breathtaking!","Visit at sunrise for fewer crowds.",5,"April to October","Plov, Samsa","39.6542° N, 66.9597° E","Shah-i-Zinda, Bibi-Khanym Mosque","Buses, Taxis","Uzbek",4,"Cultural Tours, Historical Sites","Ancient Heritage, Stunning Architecture"
"cincinnati, usa","The city has a rich history!","Explore Findlay Market for local foods.",5,"April to October","Chili, Goetta","39.1031° N, -84.5120° W","Cincinnati Zoo, Over-the-Rhine","Metro, Buses","English",4,"Cultural Events, Food Tours","Rich History, Arts Scene"
"asunción, paraguay","The city has vibrant nightlife!","Try local dishes at restaurants.",4,"March to November","Sopa Paraguaya, Asado","-25.2637° S, -57.5759° W","Palacio de los López, Ñu Guasu Park","Buses, Taxis","Spanish, Guarani",4,"Cultural Events, Nightlife","Rich Culture, Warm Hospitality"
"nairobi, kenya","The Nairobi National Park is unique!","Visit early morning for wildlife sightings.",5,"June to October","Nyama Choma, Ugali","-1.2864° S, 36.8172° E","David Sheldrick Wildlife Trust, Giraffe Centre","Matatus, Taxis, Buses","Swahili, English",4,"Wildlife Safaris, Cultural Tours","Biodiversity, Conservation"
"siem_reap, cambodia","Angkor Wat is a must-see!","Visit at sunrise for fewer crowds.",5,"November to February","Amok, Lok Lak","13.4125° N, 103.8662° E","Angkor Thom, Ta Prohm","Buses, Tuk-tuks","Khmer",5,"Cultural Tours, Historical Sites","Ancient History, Stunning Architecture"
"ankara, turkey","The modern architecture is striking!","Visit in spring for pleasant weather.",5,"April to October","Kebabs, Baklava","39.9334° N, 32.8597° E","Kocatepe Mosque, Atatürk's Mausoleum","Metro, Buses","Turkish",4,"Cultural Tours, Historical Sites","Rich Heritage, Diverse Culture"
"helsinki, finland","The Design District is trendy and fun!","Explore the boutiques and cafes.",5,"May to September","Karjalanpiirakka, Salmon Soup","60.1695° N, 24.9354° E","Suomenlinna, Temppeliaukio Church","Trams, Buses","Finnish, Swedish",4,"Cultural Tours, Design Events","Modern Design, Nature"
"kinshasa, dr_congo","The city is vibrant and bustling!","Explore local markets for crafts.",5,"May to October","Pondu, Moambe Chicken","4.4419° S, 15.2663° E","Lola ya Bonobo, Kinshasa Arts Centre","Buses, Taxis","French, Lingala",4,"Cultural Tours, Historical Sites","Rich Culture, Diverse Life"
"vancouver, canada","The nature around is breathtaking!","Explore Stanley Park for outdoor activities.",5,"May to October","Poutine, Salmon","49.2827° N, -123.1207° W","Capilano Suspension Bridge, Granville Island","SkyTrain, Buses","English, French",5,"Outdoor Activities, Cultural Events","Stunning Landscapes, Multiculturalism"
"casablanca, morocco","The Hassan II Mosque is magnificent!","Best visited in the morning light.",5,"March to June","Tagine, Couscous","33.5731° N, -7.5898° W","Old Medina, Royal Palace","Trams, Buses, Taxis","Arabic, French",4,"Cultural Tours, Historical Sites","Rich Heritage, Coastal City"
"cape_town, south_africa","The Table Mountain is iconic!","Take the cable car for stunning views.",5,"November to March","Bobotie, Biltong","-33.9249° S, 18.4241° E","Robben Island, Kirstenbosch Gardens","Buses, Taxis","Afrikaans, English",5,"Outdoor Activities, Cultural Tours","Natural Beauty, Diverse Cultures"
"munich, germany","The Oktoberfest is world-famous!","Plan ahead for accommodations.",5,"September to October","Pretzels, Weisswurst","48.1351° N, 11.5820° E","Marienplatz, Nymphenburg Palace","S-Bahn, Trams, Buses","German, English",5,"Cultural Festivals, Food Tours","Rich History, Beer Culture"
"honolulu, usa","The beaches are stunning and relaxing!","Visit Waikiki for water activities.",5,"April to October","Poke, Loco Moco","21.3069° N, -157.8583° W","Diamond Head, Pearl Harbor","Buses, Taxis","English, Hawaiian",5,"Beach Activities, Cultural Events","Tropical Paradise, Island Culture"
"brasilia, brazil","The modernist architecture is unique!","Explore the city by bike for best views.",5,"May to September","Feijoada, Pão de Queijo","-15.7801° S, -47.9292° W","National Congress, JK Memorial","Buses, Taxis","Portuguese",4,"Cultural Tours, Historical Sites","Innovative Design, Capital City"
"tunis, tunisia","The Medina is a UNESCO World Heritage site!","Explore local shops for unique souvenirs.",5,"April to October","Couscous, Brik","33.8869° N, 9.5375° E","Bardo Museum, Carthage","Metro, Taxis","Arabic, French",4,"Cultural Tours, Historical Sites","Rich Heritage, Vibrant Culture"
"la_paz, bolivia","The city is at a high altitude!","Drink coca tea to acclimatize.",4,"April to October","Salteñas, Pique Macho","-16.5000° S, -68.1193° W","Witches' Market, Valle de la Luna","Buses, Taxis","Spanish, Aymara",4,"Cultural Tours, Nature Activities","Rich Culture, Stunning Views"
"tokyo, japan","The Shibuya Crossing is iconic!","Visit during cherry blossom season.",5,"March to May","Sushi, Ramen","35.682839° N, 139.759455° E","Tokyo Tower, Meiji Shrine","Metro, Trains","Japanese, English",5,"Cultural Events, Food Experiences","Modernity, Tradition"
"georgetown, malaysia","The street art is vibrant!","Take a walking tour for the best views.",5,"November to January","Char Kway Teow, Nasi Kandar","5.4141° N, 100.3288° E","Penang Hill, Kek Lok Si Temple","Buses, Trains","Malay, English, Chinese",4,"Cultural Tours, Historical Sites","Diverse Heritage, Culinary Scene"
"stockholm, sweden","The Archipelago is stunning!","Take a boat tour for the best views.",5,"May to August","Swedish Meatballs, Gravlax","59.3293° N, 18.0686° E","Vasa Museum, Skansen","Metro, Ferries","Swedish",5,"Outdoor Activities, Cultural Events","Natural Beauty, Heritage"
"tbilisi, georgia","The sulfur baths are a unique experience!","Visit in spring or fall for the best weather.",5,"March to June, September to November","Khinkali, Khachapuri","41.7151° N, 44.8271° E","Narikala Fortress, Old Tbilisi","Metro, Buses","Georgian, Russian",4,"Cultural Tours, Wine Tasting","Unique Traditions, Scenic Views"
"yangon, myanmar","The Shwedagon Pagoda is breathtaking!","Best visited during sunset.",5,"November to February","Mohinga, Tea Leaf Salad","16.8408° N, 96.1735° E","Shwedagon Pagoda, Botahtaung Pagoda","Buses, Taxis","Burmese, English",4,"Cultural Tours, Historical Sites","Rich Heritage, Spiritual Significance"
"malmo, sweden","The Turning Torso is an architectural marvel!","Visit during summer for outdoor activities.",5,"May to August","Köttbullar, Raggmunk","55.6050° N, 13.0038° E","Malmö Castle, Ribersborgsstranden","Trains, Buses","Swedish",4,"Cultural Tours, Beach Activities","Modern Architecture, Coastal Beauty"
"lima, peru","The culinary scene is world-renowned!","Try street food for authentic experiences.",5,"May to October","Ceviche, Lomo Saltado","-12.0464° S, -77.0428° W","Historic Centre, Larco Museum","Metro, Buses","Spanish",5,"Cultural Tours, Food Experiences","Rich History, Gastronomy"
"oslo, norway","The fjords are stunning!","Take a boat tour for breathtaking views.",5,"May to September","Fårikål, Lutefisk","59.9139° N, 10.7522° E","Vigeland Park, Oslo Opera House","Metro, Trams","Norwegian",4,"Outdoor Activities, Cultural Events","Natural Beauty, Rich History"
"guadalajara, mexico","The cultural scene is vibrant!","Visit during festivals for local experiences.",5,"November to April","Torta Ahogada, Birria","20.6597° N, -103.3496° W","Teatro Degollado, Guadalajara Cathedral","Metro, Buses","Spanish",4,"Cultural Events, Food Tours","Rich Heritage, Arts Scene"
"panama_city, panama","The Panama Canal is a must-see!","Visit the Miraflores Locks for the best views.",5,"December to April","Sancocho, Ceviche","8.9833° N, -79.5167° W","Casco Viejo, Panama Canal","Metro, Buses","Spanish",5,"Cultural Tours, Historical Sites","Unique Engineering, Rich Culture"
"tunis, tunisia","The Bardo Museum has an impressive collection!","Explore the local cuisine at nearby restaurants.",5,"April to October","Harissa, Mechouia","33.8869° N, 9.5375° E","Carthage, Medina of Tunis","Metro, Taxis","Arabic, French",4,"Cultural Tours, Food Experiences","Rich Heritage, Ancient History"
"harare, zimbabwe","The city is vibrant and welcoming!","Visit local markets for crafts and art.",5,"May to October","Sadza, Biltong","-17.8292° S, 31.0522° E","National Gallery, Harare Gardens","Buses, Taxis","Shona, English",4,"Cultural Tours, Nature Walks","Rich Culture, Warm Hospitality"
"beirut, lebanon","The food scene is diverse and delicious!","Visit local cafes for authentic cuisine.",5,"March to November","Tabbouleh, Shawarma","33.8938° N, 35.5018° E","Pigeon Rocks, National Museum","Buses, Taxis","Arabic, French, English",5,"Cultural Tours, Food Experiences","Rich Heritage, Vibrant Life"
"montevideo, uruguay","The Ciudad Vieja is historic!","Visit during Carnival for vibrant celebrations.",5,"November to March","Asado, Chivito","34.9011° S, -56.1645° W","Plaza Independencia, Mercado del Puerto","Buses, Taxis","Spanish",4,"Cultural Events, Historical Tours","Rich Culture, Coastal Charm"
"nuuk, greenland","The landscapes are stunning and remote!","Explore the fjords for outdoor activities.",5,"June to September","Seal, Muskox","64.1830° N, -51.7216° W","National Museum, Greenlandic Cultural Centre","Buses, Boats","Greenlandic, Danish","4","Outdoor Activities, Cultural Tours","Breathtaking Scenery, Unique Culture"
"accra, ghana","The local markets are vibrant!","Try street food for authentic experiences.",5,"November to March","Jollof Rice, Banku","5.6037° N, -0.1870° W","Kwame Nkrumah Mausoleum, Labadi Beach","Buses, Taxis","English",4,"Cultural Tours, Beach Activities","Rich Culture, Warm Hospitality"
"vladivostok, russia","The views of the Pacific are breathtaking!","Visit in summer for best weather.",5,"June to September","Borscht, Pelmeni","43.1155° N, 131.8855° E","Russky Island, Vladivostok Fortress","Buses, Ferries","Russian",4,"Outdoor Activities, Cultural Events","Rich Maritime Heritage, Scenic Views"
"astana, kazakhstan","The modern architecture is fascinating!","Visit during the summer for cultural festivals.",5,"June to September","Beshbarmak, Plov","51.1694° N, 71.4491° E","Bayterek Tower, Khan Shatyr","Buses, Taxis","Kazakh, Russian",4,"Cultural Tours, Historical Sites","Innovative Design, Cultural Heritage"
"tbilisi, georgia","The food scene is rich and diverse!","Visit local markets for unique finds.",5,"March to November","Khinkali, Khachapuri","41.7151° N, 44.8271° E","Old Tbilisi, Narikala Fortress","Metro, Buses","Georgian",5,"Cultural Tours, Food Experiences","Unique Traditions, Scenic Views"
"quebec_city, canada","The winter carnival is a must-see!","Plan to visit during February.",5,"December to March","Poutine, Maple Syrup","46.8139° N, -71.2082° W","Old Quebec, Montmorency Falls","Buses, Trains","French, English",5,"Cultural Festivals, Historical Tours","Rich History, French Influence"
"vilnius, lithuania","The Old Town is a UNESCO World Heritage site!","Explore local cafes for unique dishes.",5,"May to September","Cepelinai, Šaltibarščiai","54.6872° N, 25.2797° E","Gediminas Tower, Vilnius Cathedral","Trams, Buses","Lithuanian, Russian",4,"Cultural Tours, Historical Sites","Rich History, Vibrant Culture"
"zurich, switzerland","The lake views are stunning!","Visit in summer for the best weather.",5,"May to September","Rösti, Fondue","47.3769° N, 8.5417° E","Lake Zurich, Old Town","Trams, Trains","German, English",5,"Outdoor Activities, Cultural Events","Scenic Beauty, Alpine Charm"
"auckland, new_zealand","The city has beautiful harbors!","Visit during summer for outdoor activities.",5,"December to February","Hāngī, Pavlova","-36.8485° S, 174.7633° E","Sky Tower, Waiheke Island","Buses, Ferries","English, Māori",5,"Outdoor Activities, Cultural Tours","Stunning Landscapes, Maori Culture"
"lilongwe, malawi","The markets are vibrant and colorful!","Try local dishes at street stalls.",4,"April to November","Nsima, Chambo","-13.9626° S, 33.7870° E","Lilongwe Wildlife Centre, Old Town Mall","Buses, Taxis","Chichewa, English",4,"Cultural Tours, Nature Activities","Rich Culture, Warm Hospitality"
"baku, azerbaijan","The Flame Towers are iconic!","Explore the Old City for history.",5,"April to October","Plov, Dolma","40.4093° N, 49.8671° E","Maiden Tower, Flame Towers","Metro, Buses","Azerbaijani, Russian","4","Cultural Tours, Historical Sites","Modernity, Rich Heritage"
"jaipur, india","The palaces are breathtaking!","Visit in winter for pleasant weather.",5,"October to March","Dal Baati Churma, Gatte Ki Sabzi","26.9124° N, 75.7873° E","Hawa Mahal, Amer Fort","Buses, Taxis","Hindi, English",5,"Cultural Tours, Historical Sites","Rich Heritage, Colorful Markets"
"wellington, new_zealand","The coffee culture is vibrant!","Explore local roasteries and cafes.",5,"December to February","Pavlova, Fish and Chips","-41.2865° S, 174.7762° E","Te Papa Museum, Weta Workshop","Buses, Ferries","English, Māori",5,"Cultural Tours, Food Experiences","Artistic Scene, Scenic Views"
"seoul, south_korea","The street food is delicious!","Visit Gwangjang Market for local treats.",5,"March to May, September to November","Kimchi, Bibimbap","37.5665° N, 126.9780° E","Gyeongbokgung Palace, N Seoul Tower","Subway, Buses","Korean",5,"Cultural Tours, Food Experiences","Dynamic City, Rich History"
"freetown, sierra_leone","The beaches are stunning!","Visit during dry season for best weather.",5,"November to April","Jollof Rice, Cassava Leaves","8.4840° N, -13.2290° W","Freetown Peninsula, Cotton Tree","Buses, Taxis","English",4,"Beach Activities, Cultural Tours","Warm Hospitality, Natural Beauty"
"copenhagen, denmark","The canals are picturesque!","Visit Nyhavn for vibrant views.",5,"May to September","Smørrebrød, Danish Pastry","55.6761° N, 12.5683° E","Tivoli Gardens, Little Mermaid","Metro, Buses","Danish, English",5,"Cultural Tours, Food Experiences","Modern Design, Historic Charm"
"cartagena, colombia","The colonial architecture is stunning!","Explore the walled city for local history.",5,"December to April","Arepas, Ceviche","10.3910° N, -75.4792° W","Castillo San Felipe, Walled City","Buses, Taxis","Spanish",5,"Cultural Tours, Historical Sites","Rich History, Vibrant Life"
"prague, czech_republic","The Charles Bridge is iconic!","Visit in spring for pleasant weather.",5,"April to October","Svíčková, Trdelník","50.0755° N, 14.4378° E","Prague Castle, Old Town Square","Trams, Buses","Czech",5,"Cultural Tours, Historical Sites","Rich Heritage, Stunning Architecture"
"split, croatia","The Diocletian's Palace is a must-see!","Best visited during summer for beach activities.",5,"June to September","Peka, Pršut","43.5081° N, 16.4402° E","Diocletian's Palace, Marjan Hill","Buses, Ferries","Croatian",4,"Cultural Tours, Beach Activities","Rich History, Coastal Beauty"
"accra, ghana","The local music scene is vibrant!","Visit during festivals for local experiences.",5,"November to March","Jollof Rice, Kelewele","5.6037° N, -0.1870° W","Kwame Nkrumah Mausoleum, Labadi Beach","Buses, Taxis","English",4,"Cultural Tours, Music Events","Rich Culture, Warm Hospitality"
"nassau, bahamas","The beaches are stunning and relaxing!","Visit local markets for souvenirs.",5,"December to April","Conch Fritters, Bahama Mama","25.0343° N, -77.3963° W","Atlantis Resort, Nassau Straw Market","Buses, Taxis","English",5,"Beach Activities, Cultural Tours","Tropical Paradise, Island Culture"
"tunis, tunisia","The markets are bustling with life!","Visit the Medina for local crafts.",5,"April to October","Couscous, Brik","33.8869° N, 9.5375° E","Carthage, Bardo Museum","Metro, Taxis","Arabic, French",4,"Cultural Tours, Food Experiences","Rich Heritage, Vibrant Culture"
"zanzibar, tanzania","The beaches and spice tours are fantastic!","Visit during the dry season for best weather.",5,"June to October","Zanzibar Pizza, Seafood","-6.1659° S, 39.2026° E","Stone Town, Jozani Forest","Buses, Taxis","Swahili, English",5,"Beach Activities, Cultural Tours","Island Paradise, Rich Culture"
"catania, italy","The food scene is vibrant and delicious!","Visit local markets for fresh produce.",5,"April to October","Arancini, Cannoli","37.5079° N, 14.9959° E","Mount Etna, Piazza del Duomo","Buses, Trains","Italian",5,"Cultural Tours, Food Experiences","Rich Culinary Heritage, Scenic Views"
"fortaleza, brazil","The beaches are perfect for relaxation!","Visit during summer for vibrant nightlife.",5,"December to June","Moqueca, Acarajé","-3.7172° S, -38.5433° W","Ceará Museum, Praia do Futuro","Buses, Taxis","Portuguese",5,"Beach Activities, Cultural Events","Tropical Vibes, Warm Hospitality"
"maseru, lesotho","The mountains are stunning and peaceful!","Visit during summer for hiking opportunities.",5,"October to March","Pap, Braai","-29.4697° S, 27.5149° E","Thaba Bosiu, National Museum","Buses, Taxis","Sesotho, English",4,"Outdoor Activities, Cultural Tours","Natural Beauty, Rich Culture"
"osaka, japan","The street food is amazing!","Visit Dotonbori for local specialties.",5,"March to May, September to November","Takoyaki, Okonomiyaki","34.6937° N, 135.5023° E","Osaka Castle, Universal Studios","Metro, Trains","Japanese",5,"Cultural Tours, Food Experiences","Modern City, Rich History"
"luanda, angola","The coastal views are stunning!","Visit during the dry season for best weather.",5,"May to September","Moqueca, Calulu","-8.8390° S, 13.2343° E","Fortress of São Miguel, Ilha do Mussulo","Buses, Taxis","Portuguese, Kimbundu",4,"Cultural Tours, Beach Activities","Rich Culture, Warm Hospitality"
"nairobi, kenya","The wildlife is incredible!","Visit the national parks for safaris.",5,"June to October","Nyama Choma, Sukuma Wiki","-1.2864° S, 36.8172° E","Nairobi National Park, Giraffe Centre","Matatus, Taxis, Buses","Swahili, English",4,"Wildlife Safaris, Cultural Tours","Diverse Ecosystems, Rich Culture"
"lima, peru","The culinary scene is world-renowned!","Try ceviche at local restaurants.",5,"May to October","Ceviche, Lomo Saltado","-12.0464° S, -77.0428° W","Historic Centre, Larco Museum","Metro, Buses","Spanish",5,"Cultural Tours, Food Experiences","Rich History, Gastronomy"
"nairobi, kenya","The local markets are vibrant!","Explore Maasai Market for unique crafts.",5,"June to October","Samosa, Nyama Choma","-1.2864° S, 36.8172° E","David Sheldrick Wildlife Trust, Giraffe Centre","Matatus, Taxis","Swahili, English",4,"Cultural Tours, Nature Activities","Rich Culture, Warm Hospitality"
"abidjan, ivory_coast","The nightlife is lively and vibrant!","Visit during festivals for local experiences.",5,"November to March","Attiéké, Fufu","5.3459° N, -4.0240° W","St. Paul's Cathedral, La Pyramide","Buses, Taxis","French, Akan",4,"Cultural Events, Nightlife","Rich Culture, Diverse Life"
"amsterdam, netherlands","The canals are picturesque!","Explore by bike for the best experience.",5,"April to October","Haring, Stroopwafels","52.3676° N, 4.9041° E","Van Gogh Museum, Anne Frank House","Trams, Buses","Dutch, English",5,"Cultural Tours, Outdoor Activities","Rich History, Vibrant Culture"
"khartoum, sudan","The confluence of the Nile is stunning!","Visit during the winter months for best weather.",4,"November to February","Ful Medames, Kisra","15.5000° N, 32.5599° E","National Museum, Tuti Island","Buses, Taxis","Arabic, English",4,"Cultural Tours, Nature Activities","Rich Heritage, Warm Hospitality"
"harare, zimbabwe","The local music scene is vibrant!","Attend local concerts for an authentic experience.",5,"May to October","Sadza, Biltong","-17.8292° S, 31.0522° E","National Gallery, Harare Gardens","Buses, Taxis","Shona, English",4,"Cultural Events, Music Experiences","Rich Culture, Diverse Life"
"buenos_aires, argentina","The tango is a must-see!","Visit during the milonga nights for dancing.",5,"March to November","Asado, Empanadas","-34.6037° S, -58.3816° W","Teatro Colón, Plaza de Mayo","Subway, Buses","Spanish",5,"Cultural Tours, Dance Events","Rich Culture, Vibrant Life"
"lisbon, portugal","The architecture is stunning!","Explore Alfama for local charm.",5,"April to October","Bacalhau, Pastéis de Nata","38.7223° N, -9.1393° W","Belém Tower, Jerónimos Monastery","Trams, Buses","Portuguese, English",5,"Cultural Tours, Food Experiences","Rich History, Warm Hospitality"
"athens, greece","The Acropolis is iconic!","Visit during spring for pleasant weather.",5,"March to May, September to November","Souvlaki, Moussaka","37.9838° N, 23.7275° E","Acropolis, Plaka","Metro, Buses","Greek, English",5,"Cultural Tours, Historical Sites","Rich Heritage, Vibrant Life"
"yangon, myanmar","The temples are stunning!","Visit during festivals for vibrant experiences.",5,"November to February","Mohinga, Lahpet","16.8408° N, 96.1735° E","Shwedagon Pagoda, Sule Pagoda","Buses, Taxis","Burmese, English",5,"Cultural Tours, Spiritual Experiences","Rich Culture, Warm Hospitality"
"doha, qatar","The skyline is impressive!","Visit during the winter months for best weather.",5,"November to March","Machboos, Harees","25.276987° N, 51.520008° E","Museum of Islamic Art, Souq Waqif","Metro, Taxis","Arabic, English",5,"Cultural Tours, Modern Architecture","Rich Heritage, Diverse Culture"
